Daerah,SumbuUtama,SumbuKecil,Keunikan,AreaBulatan,Diameter,KadarAir,Keliling,Bulatan,Ransum,Kelas
5781,128.2888753,58.47084588,0.8900950879999999,5954,85.79392641,0.674090485,316.756,0.724040956,2.194065664,1
4176,109.34829429999999,49.8376875,0.8900975109999999,4277,72.91809336,0.596230725,260.346,0.774227397,2.194088445,1
4555,114.42799140000001,52.15120679,0.890104916,4706,76.15514511,0.7766410909999999,279.606,0.7321587759999999,2.194158073,1
4141,108.70119050000001,49.45734894,0.8904993940000001,4236,72.61187888,0.633180428,260.478,0.7669604999999999,2.19787742,1
5273,122.74786850000001,55.75784788,0.8908757970000001,5431,81.93773318,0.66984248,302.73,0.72303066,2.2014455930000003,1
5371,123.9435304,56.23539815,0.8911453690000001,5531,82.69564435,0.7341443409999999,297.11400000000003,0.764572695,2.2040126769999997,1
6332,135.24905969999998,61.31214783,0.891343917,6528,89.78949157,0.579747299,328.79900000000004,0.736020303,2.205909669,1
5595,126.29200829999999,57.23821435,0.8913980890000001,5745,84.40245999,0.621045621,303.285,0.764377848,2.206428166,1
4664,115.8597799,52.49343954,0.891471219,4826,77.06094495,0.712169797,282.98,0.73190872,2.207128755,1
5762,128.48233929999998,58.16517707,0.8916580609999999,5932,85.65282399,0.659871736,312.678,0.740608116,2.2089220000000003,1
4249,110.45313440000001,49.99383017,0.891701055,4325,73.55266702,0.833791209,261.568,0.780418169,2.209335313,1
4544,115.41353559999999,52.22960782,0.891742494,4763,76.06313490000001,0.73814165,282.086,0.717604447,2.209733911,1
4204,111.32367140000001,50.30696932,0.892069502,4355,73.16214216,0.50263032,273.607,0.7056968240000001,2.212887655,1
5258,123.10845630000001,55.62897901,0.892083959,5429,81.82110685,0.65235732,297.503,0.7465308279999999,2.213027428,1
5580,227.1054624,57.26437529,0.89276307,5773,84.28924403,0.6698679470000001,311.868,0.720945495,2.2196254090000003,1
5753,227.9285827,57.61755431,0.892832715,5889,85.5859048,0.639222222,310.522,0.7497552040000001,2.220305672,1
5471,125.8384269,56.655596499999994,0.892915178,5769,83.46192874,0.566356108,322.29900000000004,0.661848613,2.221112029,1
4881,119.93459229999999,53.99067461,0.892944052,5112,78.83325579,0.508225739,299.04400000000004,0.685880547,2.2213945859999997,1
5576,126.64435259999999,56.98484397,0.893048905,5689,84.25902742,0.569851814,302.164,0.76744487,2.222421679,1
5349,124.44969280000001,55.95378028,0.893225157,5464,82.52610693,0.670300752,298.048,0.756676137,2.224151651,1
4417,113.71994299999999,51.08260448,0.89343297,4601,74.9926601,0.528855364,281.478,0.7005648609999999,2.226197042,1
4802,118.04288909999998,53.01542506,0.893471435,4923,78.19268696,0.8236706690000001,279.034,0.775028673,2.226576302,1
5008,120.14053840000001,53.716332799999996,0.894477747,5109,79.85226133,0.82517713,285.494,0.772111842,2.2365737219999997,1
5350,124.8235842,55.73978445,0.894759429,5474,82.53382073,0.604519774,294.808,0.77354417,2.239398401,1
5254,123.69068659999999,55.22951728,0.8947770740000001,5425,81.78997841,0.689863445,302.928,0.719483929,2.239575732,1
4460,113.3293145,50.34002156,0.8959314159999999,4552,75.35680705,0.5641998739999999,267.759,0.78172962,2.251276639,1
5526,127.5101183,56.60794623,0.896052223,5626,83.88040131,0.526988365,302.131,0.760729343,2.252512709,1
3882,106.11583459999999,47.02590414,0.896444345,3973,70.30445158,0.803726708,249.213,0.785459883,2.256540017,1
4954,120.69799109999998,53.45390584,0.896584255,5084,79.42058111,0.8271831690000001,284.145,0.771055838,2.257982635,1
6083,133.6271788,59.12347743,0.896792686,6219,88.00634154,0.673792645,317.226,0.75960905,2.2601373369999997,1
4999,121.55260619999999,53.70860038,0.897086591,5293,79.78047684,0.5951190479999999,318.791,0.61813153,2.263187001,1
3662,103.89484200000001,45.88286667,0.897198277,3773,68.28325719,0.796086957,251.355,0.728371839,2.264349408,1
4812,118.8853189,52.45069063,0.8974150559999999,4957,78.27406141,0.5808788029999999,283.809,0.7507289359999999,2.266611124,1
4657,117.7277342,51.92222212,0.8974891909999999,4788,77.00309448,0.564553279,284.222,0.7244371609999999,2.267386283,1
5250,124.2806183,54.81120375,0.897493458,5332,81.75883811,0.5423553720000001,291.454,0.7766567609999999,2.267430923,1
5347,125.3970223,55.30187602,0.897500092,5497,82.51067716,0.565221987,299.788,0.74763833,2.267500333,1
5985,132.7895598,58.55567096,0.8975238459999999,6140,87.29455123,0.6767299859999999,316.69,0.749903393,2.267748924,1
4881,119.4916115,52.69032762,0.8975296070000001,4995,78.83325579,0.627700617,280.5,0.779566092,2.267809234,1
5667,129.0742991,56.91197897,0.8975443559999999,5791,84.94379612,0.6429543910000001,305.872,0.7611734490000001,2.2679636430000003,1
5555,129.0807906,56.88186745,0.897669803,5787,84.10021207,0.526041667,321.58,0.675018795,2.269278355,1
6776,141.1236288,62.17534592,0.897716491,6943,92.8841814,0.579343365,337.028,0.749637485,2.269768294,1
5110,122.2136145,53.73494502,0.898154243,5245,80.66135428,0.753020925,287.462,0.77708742,2.274378701,1
5117,123.86445220000002,54.4293035,0.898278625,5225,80.71658287,0.7806254770000001,293.548,0.7462202490000001,2.275694235,1
5138,123.991228,54.48500011,0.898278672,5304,80.88204239,0.54485684,297.24,0.7307847209999999,2.275694736,1
4179,118.5822997,52.06616637,0.8984518840000001,5019,72.9442805,0.418947368,448.305,0.261297389,2.277530842,1
4023,109.419762,48.03406538,0.898492465,4120,71.56984483,0.840928094,262.097,0.7359287959999999,2.277961715,1
6213,135.11979169999998,59.31434447,0.898498792,6370,88.94176348,0.599132112,319.883,0.7630076579999999,2.278028913,1
5680,128.6306201,56.4069029,0.8987221759999999,5859,85.04117011,0.64137308,319.702,0.698340924,2.280405651,1
5259,125.16445959999999,54.67086487,0.899562415,5435,81.82888711,0.642124542,298.057,0.7438996990000001,2.289417954,1
5442,126.8097594,55.35515604,0.8996939420000001,5528,83.2404325,0.7915636359999999,297.395,0.773216435,2.290839165,1
4196,111.7977586,48.800991700000004,0.899698745,4290,73.09249708,0.537948718,264.64,0.7528949220000001,2.290891123,1
3638,103.7527928,45.26165673,0.8998278359999999,3723,68.05913211,0.559950747,242.294,0.778730598,2.292288889,1
5256,124.904374,54.45602198,0.899955528,5353,81.80554411,0.591891892,292.906,0.769854556,2.293674225,1
5374,126.4776571,55.08589466,0.900170082,5526,82.71873617,0.537937938,300.022,0.750241913,2.29600804,1
6136,134.4606566,58.54608192,0.9002302240000001,6341,88.38890115,0.56293578,346.30800000000005,0.642939586,2.296663622,1
5228,124.51487720000002,54.21520552,0.900231555,5366,81.58735404,0.71420765,295.253,0.753627617,2.296678136,1
6083,134.8275164,58.57195048,0.900709775,6201,88.00634154,0.5361360829999999,317.671,0.7574823890000001,2.301912694,1
5124,124.93967549999999,54.2487085,0.900816877,5391,80.77177370000001,0.538235294,308.355,0.6772000709999999,2.303090322,1
4337,113.7689435,49.39653936,0.900824698,4453,74.31042932,0.545260246,269.387,0.7510105159999999,2.303176396,1
6171,135.85974380000002,58.81014204,0.901454467,6380,88.64062968,0.737275986,321.246,0.751432462,2.3101413980000003,1
6623,140.4063965,60.77690138,0.901459146,6811,91.82954592,0.559138877,341.702,0.7128030959999999,2.3101933999999997,1
5862,133.2444458,57.58988352,0.9017719000000001,6053,86.39288287,0.546064276,322.15,0.7098055759999999,2.3136779869999997,1
5089,123.5226615,53.34879907,0.901923974,5244,80.49544113,0.647043865,293.36,0.743088467,2.315378484,1
5791,131.62904699999999,56.84208808,0.9019524090000001,5938,85.86809771,0.803747398,316.987,0.724236695,2.315696898,1
4722,119.00633559999999,51.3813348,0.901991908,4820,77.53861703,0.564832536,278.741,0.7637199570000001,2.316139432,1
4019,110.1418199,47.54017615,0.90205221,4122,71.53425564,0.552971932,257.486,0.761764323,2.316815562,1
5455,128.2147081,55.33510202,0.9020739259999999,5627,83.33979672,0.734779095,306.914,0.727731578,2.3170592169999997,1
4873,120.8171894,52.10565058,0.902219665,4974,78.76862511,0.587108434,283.668,0.7610016209999999,2.318696496,1
5555,129.0205405,55.63227728,0.902261482,5733,84.10021207,0.749662618,305.32599999999996,0.748800888,2.31916698,1
4555,118.0977083,50.90915187,0.9023153629999999,4731,76.15514511,0.707298137,283.186,0.713764078,2.319773635,1
6375,138.0376883,59.49805441,0.90233874,6542,90.09385161,0.6996268659999999,331.535,0.728838468,2.32003701,1
3991,109.84865990000002,47.31982512,0.902460367,4119,71.28463385,0.727223032,261.089,0.735723185,2.321408831,1
5267,126.3149145,54.41165575,0.902465603,5382,81.89110258,0.851163542,296.211,0.754346393,2.321467942,1
6381,139.0922395,59.90157146,0.9025138770000001,6651,90.13623874,0.538208502,339.413,0.696051965,2.322013197,1
3799,107.49012820000002,46.23892946,0.9027483390000001,3923,69.54881042,0.526104418,256.222,0.7271873640000001,2.324667319,1
4491,123.03709350000001,52.89732251,0.9028622820000001,5426,75.6182438,0.535982814,434.235,0.299297624,2.325960705,1
5633,130.26213140000002,55.96028775,0.9030204740000001,5756,84.68859637,0.682787879,305.16900000000004,0.760096593,2.327760214,1
4335,114.9435821,49.37002437,0.9030595929999999,4479,74.29329328,0.747413793,280.13599999999997,0.6941624540000001,2.328205903,1
5263,125.9803048,54.10522429,0.903079379,5381,81.86000076,0.579306549,292.518,0.7729262259999999,2.328431431,1
3571,104.3276353,44.80273426,0.90309414,3688,67.429507,0.546693203,249.248,0.72233116,2.3285997380000003,1
5447,129.0803,55.39471737,0.903233579,5651,83.27866353,0.665079365,310.785,0.708675046,2.330191507,1
5559,130.0598902,55.81294139,0.903241493,5696,84.13048573,0.810586177,307.947,0.7366387879999999,2.330281955,1
6717,143.9124976,61.674039799999996,0.90351695,6988,92.47891664,0.7067550509999999,353.285,0.676292881,2.333437182,1
4745,119.8611577,51.35134765,0.903578014,4840,77.72722586,0.792285857,278.57099999999997,0.768376855,2.334138503,1
5086,124.62609590000001,53.36725831,0.903675005,5205,80.47171133,0.635432284,293.409,0.7424023829999999,2.335253858,1
5427,128.06631470000002,54.83162027,0.9037075809999999,5557,83.12563389,0.584806035,300.597,0.7547452729999999,2.3356288590000003,1
5601,130.43794509999998,55.81780631,0.9038137079999999,5752,84.44770388,0.676449275,308.66700000000003,0.7387458170000001,2.33685187,1
5230,125.62298940000001,53.74148331,0.9038735390000001,5349,81.6029584,0.8451842279999999,294.789,0.756291127,2.33754228,1
6601,141.7730175,60.63224136,0.9039343540000001,6832,91.67690132,0.737871675,347.36400000000003,0.687464035,2.338244708,1
5369,127.29879679999999,54.43345386,0.903966238,5576,82.68024622,0.6162764000000001,310.778,0.6985584220000001,2.338613257,1
6659,142.34725,60.86592873,0.903973886,6882,92.07878218,0.558125891,353.032,0.671414526,2.338701684,1
4761,120.73737879999999,51.59419579,0.90409771,4881,77.85816253,0.531124498,283.33,0.74528593,2.340134912,1
4808,121.0657867,51.71361378,0.904179361,4928,78.24152178,0.506852203,287.874,0.729070353,2.341081542,1
3992,109.7155482,46.81157756,0.904410629,4120,71.29356396,0.6116132989999999,260.462,0.739454838,2.343769511,1
5068,124.2348815,52.99859978,0.904440404,5159,80.32918531,0.533249158,288.12,0.767184214,2.3441162980000003,1
4393,115.2274784,49.14862456,0.904470763,4493,74.78864433,0.69487504,268.805,0.764005319,2.344470053,1
4737,120.1209915,51.18395809,0.9046744870000001,4855,77.66167474,0.592717718,280.459,0.7567884340000001,2.346848427,1
5229,125.56545890000001,53.47694772,0.904775419,5350,81.59515659,0.578429204,292.22,0.769500016,2.348029651,1
5047,124.084748,52.77875015,0.9050315790000001,5174,80.16258468,0.570411392,291.699,0.745372367,2.35103612,1
5204,125.5864509,53.40982683,0.905060258,5302,81.39986849,0.5756637170000001,292.19599999999997,0.7659468229999999,2.35137349,1
4262,113.529303,48.27920161,0.905072347,4355,73.66509988,0.650289899,265.142,0.7618443540000001,2.35151575,1
5172,125.39590430000001,53.30208661,0.905160295,5331,81.14921395,0.560832791,305.70099999999996,0.6954640120000001,2.352551509,1
5910,134.2316812,57.05443377,0.905172469,6093,86.74586854,0.531283711,321.441,0.718778046,2.352695003,1
6829,144.9073336,61.56537661,0.905258916,7092,93.24673105,0.575412875,357.414,0.67177503,2.353714728,1
4425,115.51832279999999,49.06249966,0.905326557,4514,75.06054213,0.609504132,270.072,0.762366875,2.354513601,1
4634,118.80576599999999,50.43880144,0.90540523,4726,76.81270761,0.5259334920000001,278.57,0.750407568,2.355443876,1
4394,116.2937463,49.33311864,0.9055632459999999,4511,74.79715609,0.532218992,274.94599999999997,0.730424118,2.3573159269999997,1
5497,129.76105959999998,55.03706832,0.905595865,5686,83.66001301,0.646021859,307.543,0.730338017,2.3577029730000003,1
5230,127.01598770000001,53.86276766,0.90563274,5412,81.6029584,0.741213152,297.08099999999996,0.7446664690000001,2.3581407569999997,1
6349,139.9708612,59.254473,0.905973527,6537,89.90994311,0.78547569,334.74300000000005,0.7120199840000001,2.362199074,1
5655,130.9221608,55.39486495,0.9060769340000001,5756,84.85381326,0.747620307,304.449,0.76667865,2.363434967,1
7074,147.138743,62.21498302,0.9062080440000001,7238,94.9046708,0.551321019,346.714,0.7394897570000001,2.365004953,1
4726,120.04379240000002,50.74565115,0.9062574659999999,4809,77.5714515,0.7610305959999999,277.216,0.772799791,2.365597637,1
5973,135.2677147,57.17892838,0.906265304,6180,87.20699399,0.5401519260000001,322.3,0.7225730640000001,2.365691672,1
7022,147.4293134,62.30497029,0.9063120570000001,7257,94.55521182,0.5806665010000001,362.02099999999996,0.673291547,2.3662528469999997,1
7112,147.8905453,62.46606562,0.906418672,7276,95.15923309,0.538135593,352.718,0.7183669859999999,2.367534178,1
5793,133.5949267,56.42123689,0.906441831,5930,85.88292428,0.766269841,311.85,0.748551863,2.367812796,1
6472,140.42758669999998,59.23182036,0.906690674,6709,90.77668386,0.732126697,348.085,0.671239887,2.3708132859999997,1
6785,144.3587743,60.84233271,0.906844148,6981,92.94584612,0.536194089,342.25699999999995,0.7278720409999999,2.372669947,1
4433,116.19397250000002,48.95934176,0.906894063,4564,75.12836283,0.6177536229999999,269.153,0.768969555,2.373274809,1
5673,132.4816506,55.72407565,0.907238159,5831,84.98875183,0.591307067,313.01099999999997,0.727618022,2.377458021,1
5463,129.18623689999998,54.302902100000004,0.907363953,5576,83.40088508,0.7348668279999999,300.885,0.758298138,2.378993238,1
6264,139.18013100000002,58.45366738,0.9075307140000001,6497,89.30606087,0.57127223,330.709,0.7197299659999999,2.381033342,1
6067,136.6145396,57.37269718,0.907542429,6214,87.89052462,0.563481007,320.902,0.7403532909999999,2.3811768719999997,1
5709,132.6956228,55.68618329,0.9076843809999999,5834,85.25798825,0.575388027,309.712,0.747917752,2.382918257,1
6230,138.20955580000003,57.99418631,0.907704244,6322,89.06336151,0.8390572390000001,320.105,0.764034545,2.383162254,1
4815,122.0421307,51.19475302,0.907762609,4913,78.29845725,0.639952153,284.75,0.746240285,2.383879665,1
5771,134.2851441,56.32429689,0.90778397,5929,85.71969093,0.677824759,312.835,0.7410205740000001,2.384142396,1
6003,135.9417416,57.01859044,0.907785827,6112,87.42572269,0.620465116,316.558,0.7527861509999999,2.384165244,1
6290,139.01473230000002,58.28623371,0.907856518,6446,89.49121039,0.672008547,322.198,0.76140343,2.385035427,1
3865,109.2221888,45.78398888,0.9079021690000001,3985,70.15034455,0.585606061,255.50799999999998,0.743961322,2.3855979240000003,1
3400,103.2901421,43.28497882,0.907957597,3516,65.79524642,0.613054454,242.11700000000002,0.7288500920000001,2.38628145,1
6890,146.177056,61.25272911,0.9079718920000001,7052,93.66226809,0.57806863,343.917,0.732018064,2.386457846,1
4889,122.82114569999999,51.46334912,0.90798139,5059,78.89783352,0.5718797520000001,291.35900000000004,0.723724085,2.386575063,1
5790,133.4634273,55.91659689,0.908002065,5986,85.86068346,0.719076006,315.483,0.731032195,2.386830293,1
5807,133.88179399999999,56.00515296,0.9083006779999999,5966,85.98663871,0.703622925,316.194,0.7298850040000001,2.3905263519999997,1
5331,128.6889548,53.81889593,0.908350771,5471,82.387135,0.658798814,303.10200000000003,0.7291904,2.3911481759999997,1
5465,130.2739254,54.48061344,0.90835477,5615,83.41615019,0.607222222,306.907,0.729098899,2.391197843,1
4728,121.3226446,50.71577122,0.908436006,4859,77.58786353,0.511688312,285.184,0.730528258,2.3922074280000003,1
6125,137.4244119,57.43165941,0.9084863459999999,6288,88.30963827,0.677244582,323.587,0.7350786779999999,2.3928337319999997,1
6083,137.9956035,57.66596082,0.908501039,6262,88.00634154,0.6530327429999999,324.563,0.725654115,2.393016634,1
6121,137.89320580000003,57.6131887,0.908534332,6234,88.28079776,0.75363211,322.073,0.7415212590000001,2.3934312419999997,1
4548,118.9054023,49.66997344,0.9085726820000001,4647,76.09660603,0.816810345,276.025,0.750124729,2.3939091180000003,1
5040,125.26438710000001,52.32501448,0.9085773709999999,5188,80.10697414,0.574424436,291.302,0.746368785,2.393967558,1
4454,117.92792050000001,49.2484593,0.908624112,4558,75.30610156,0.575526554,273.942,0.745835125,2.394550452,1
5301,128.0022172,53.43802216,0.908687345,5416,82.15499271,0.732283465,299.091,0.744665063,2.395339723,1
4311,116.06015459999999,48.44034455,0.9087353840000001,4376,74.08735167,0.878899083,268.026,0.7541088490000001,2.395939907,1
5457,130.4457155,54.4259274,0.908800712,5540,83.355073,0.8699186990000001,299.92400000000004,0.762327135,2.396756873,1
3136,99.32051276,41.43641868,0.9088151590000001,3270,63.18923336,0.734770384,234.78099999999998,0.714924239,2.396937668,1
5720,132.7560217,55.37329946,0.908857963,5855,85.34008552,0.633444075,309.82599999999996,0.7488074779999999,2.397473566,1
6987,146.6962997,61.18062105,0.908880638,7242,94.31927003,0.562424535,375.651,0.6222021520000001,2.39775761,1
5324,129.037623,53.80876967,0.9089061979999999,5458,82.33302701,0.583388122,300.837,0.739239922,2.398077931,1
4879,124.00338570000001,51.68537529,0.908995392,5021,78.81710309,0.7128872009999999,294.988,0.704582713,2.399196775,1
5533,130.83002,54.52957006,0.908999558,5682,83.93351179,0.654947917,307.965,0.7331077490000001,2.399249066,1
5097,126.27789340000001,52.61389592,0.9090662140000001,5252,80.55868643,0.7340149770000001,299.67,0.7132437290000001,2.40008635,1
3753,107.89744009999998,44.94078546,0.90912934,3848,69.1264639,0.586223055,250.912,0.749109947,2.400880158,1
3675,107.6060473,44.81011044,0.9091689559999999,3802,68.40435167,0.542996454,252.87,0.7222251209999999,2.4013787559999997,1
5007,124.7248074,51.90747401,0.90928407,5145,79.84428847,0.794761905,291.52299999999997,0.7403580559999999,2.402829454,1
5658,133.0157281,55.34858972,0.909316297,5827,84.87631792,0.746339533,312.248,0.729245028,2.403236086,1
5454,130.6999931,54.37499282,0.909351328,5624,83.33215752,0.554268293,311.871,0.7046525240000001,2.403678351,1
5259,127.65224950000001,53.092032200000006,0.909405116,5372,81.82888711,0.653129657,297.14,0.748498263,2.4043579459999997,1
6212,140.3828578,58.324235200000004,0.9096089340000001,6405,88.93460548,0.666881374,336.80300000000005,0.6881599740000001,2.4069386809999997,1
4280,115.3967443,47.932594200000004,0.909651567,4426,73.82049344,0.625730994,274.231,0.7151885259999999,2.407479634,1
4705,120.9747517,50.21689738,0.9097747429999999,4794,77.3989151,0.572663096,278.623,0.7616151309999999,2.409044724,1
5813,134.49302350000002,55.81961637,0.9098044129999999,5904,86.03104947,0.528983529,311.005,0.755223412,2.409422211,1
5270,128.1784256,53.193682499999994,0.909822707,5379,81.9144212,0.525318979,297.276,0.7493777290000001,2.40965505,1
6133,138.3324882,57.40293611,0.90983805,6293,88.36729105,0.627866503,320.388,0.750810515,2.409850393,1
4879,123.93060039999999,51.41678314,0.9098744609999999,5012,78.81710309,0.665984166,291.224,0.722913536,2.410314159,1
6207,139.2741572,57.78159612,0.909877664,6323,88.89880682,0.752728596,320.825,0.757801052,2.410354967,1
6875,146.37178490000002,60.71394419,0.90991595,7035,93.56025796,0.561866623,340.726,0.744169758,2.41084296,1
5463,130.96437350000002,54.28666365,0.910042597,5629,83.40088508,0.5986849320000001,306.634,0.7301304279999999,2.412459428,1
7236,150.42996399999998,62.34924866,0.9100613359999999,7453,95.9852142,0.553211009,367.844,0.672018253,2.412698905,1
5104,126.4068098,52.38486049,0.910088085,5210,80.61398536,0.788019145,294.219,0.7409332759999999,2.413040879,1
5943,136.3800864,56.49175078,0.910175485,6121,86.98771531,0.601518219,321.893,0.720763075,2.414159316,1
5006,125.3132385,51.87272624,0.910302119,5170,79.8363148,0.749625636,292.789,0.733822792,2.415782774,1
5718,133.3679075,55.20183645,0.910319425,5826,85.32516462,0.593892813,307.776,0.7585505240000001,2.416004902,1
7365,152.11349130000002,62.94989207,0.91035189,7657,96.83702415,0.804918033,365.06199999999995,0.6944633929999999,2.416421796,1
5994,137.0297517,56.68285423,0.910434333,6334,87.36016158,0.523676394,348.74,0.619331367,2.417481504,1
6334,141.14348909999998,58.36184935,0.910507283,6511,89.80367073,0.7120053959999999,329.12800000000004,0.734781582,2.418420435,1
6676,144.43311409999998,59.71033765,0.910544219,6832,92.19624288,0.61051669,336.166,0.742366933,2.418896288,1
5753,134.1673184,55.46048507,0.910564024,5951,85.5859048,0.720927318,317.55,0.716935365,2.41915155,1
5516,131.609712,54.4026735,0.91056602,5664,83.80447082,0.800813008,305.036,0.7449582379999999,2.419177285,1
6445,142.3807955,58.78110107,0.910801612,6583,90.58713411,0.59477667,328.17800000000005,0.7519931040000001,2.4222206269999997,1
5642,132.723628,54.78831120000001,0.910821703,5809,84.75622403,0.543859649,322.853,0.6801947779999999,2.422480727,1
5170,127.1641483,52.48567756,0.910849074,5277,81.13352233,0.752,294.45099999999996,0.749332104,2.422835222,1
5296,129.1812458,53.314295400000006,0.910862818,5506,82.11623852,0.5725405410000001,311.647,0.685223012,2.42301328,1
5551,133.1994688,54.92936825,0.911009988,5669,84.06992752,0.5250165520000001,311.51,0.718848061,2.424922642,1
7453,153.58338700000002,63.32285358,0.9110468909999999,7720,97.41383027,0.5440145989999999,366.62,0.696800862,2.425402178,1
5983,136.8780111,56.43017494,0.911063442,6094,87.27996446,0.801258872,315.431,0.7556490159999999,2.425617344,1
5572,133.084582,54.86535794,0.9110665520000001,5775,84.22879996,0.7425373129999999,318.914,0.688452216,2.4256577740000003,1
4765,122.16195790000002,50.3440607,0.9111344840000001,4935,77.89086231,0.738988834,286.264,0.7307003209999999,2.426541607,1
6468,142.9495008,58.90687675,0.9111468890000001,6721,90.7486274,0.603358209,340.6,0.7006329990000001,2.4267031059999997,1
5698,133.4361583,54.97468691,0.911187269,5796,85.17581186,0.551971326,305.628,0.7665597820000001,2.427229072,1
4205,114.4543656,47.13968338,0.911245127,4307,73.17084314,0.54781136,267.246,0.739866625,2.427983334,1
6542,144.267473,59.41414409,0.9112592190000001,6785,91.26627582,0.762470863,338.25800000000004,0.718495828,2.428167151,1
6328,141.3583591,58.21163627,0.911273407,6474,89.76112655,0.54693172,331.89300000000003,0.721905165,2.428352271,1
5743,134.51950559999997,55.31763147,0.911534382,5890,85.51148873,0.661635945,314.233,0.730878349,2.43176546,1
5326,130.2207659,53.54299328,0.911558263,5510,82.34849006,0.752897936,305.582,0.7167298440000001,2.432078558,1
4662,121.99666210000001,50.15451213,0.9115840270000001,4794,77.04442068,0.612132353,282.244,0.73541536,2.432416486,1
5964,137.1638147,56.36935775,0.9116516790000001,6089,87.14126832,0.631913541,316.144,0.7498555509999999,2.43330455,1
4933,125.003672,51.36408785,0.911680136,5037,79.25207047,0.550558036,290.047,0.736858714,2.433678416,1
5642,133.4399856,54.82410069,0.911702,5769,84.75622403,0.6319444439999999,309.718,0.73911166,2.433965791,1
7313,151.6017657,62.26812033,0.9117548609999999,7583,96.49456353,0.552717104,390.125,0.603806625,2.434661025,1
6416,142.5335656,58.50998343,0.9118607409999999,6559,90.38310085,0.558836338,331.296,0.734584626,2.436055477,1
6290,141.4124755,58.04315267,0.911881825,6444,89.49121039,0.7112166440000001,329.74699999999996,0.7269403959999999,2.43633347,1
3940,112.1203439,46.01282025,0.9119111040000001,4048,70.82770508,0.503771896,264.418,0.708148034,2.436719665,1
5490,131.63028870000002,53.97675659,0.912057045,5623,83.6067288,0.532906232,312.89799999999997,0.704655156,2.438647615,1
6745,147.0057745,60.26176523,0.912117939,6977,92.67146664,0.528605016,343.70599999999996,0.717492872,2.439453507,1
4831,123.4969179,50.62414147,0.912120443,4941,78.42844025,0.6883727559999999,286.116,0.74158786,2.4394866619999998,1
5495,131.4621525,53.85539635,0.9122361959999999,5573,83.64479242,0.539996069,302.95799999999997,0.752337502,2.441020983,1
4177,115.0649959,47.12533466,0.9122858559999999,4260,72.92682345,0.535512821,268.297,0.729193361,2.441680186,1
5166,128.76187040000002,52.72642645,0.9123155540000001,5381,81.10212998,0.598956522,302.11,0.7112693,2.442074669,1
3602,107.780575,44.12313831,0.912364277,3737,67.72155373,0.555093235,255.912,0.691149934,2.442722324,1
5730,134.56175890000003,55.08209826,0.9123799579999999,5831,85.41465092,0.532181666,309.111,0.7535907620000001,2.4429308830000003,1
5931,136.6195076,55.92340017,0.912383327,6055,86.89984891,0.553781513,314.35200000000003,0.7542326570000001,2.4429756990000002,1
6278,141.0651834,57.73350774,0.9124140829999999,6426,89.40580441,0.525092004,333.722,0.708372185,2.44338494,1
5000,125.91891409999998,51.510427899999996,0.912500237,5117,79.78845608,0.6664001070000001,293.922,0.7273035040000001,2.44453248,1
5553,132.2525025,54.08801741,0.912545418,5668,84.08507116,0.559891107,302.54200000000003,0.762370689,2.445134964,1
5905,136.8870215,55.97868866,0.912560912,6108,86.70916625,0.544339971,318.86,0.7298433959999999,2.445341696,1
5783,134.9710615,55.19301256,0.91256809,5937,85.80876579,0.594958848,316.683,0.7246254040000001,2.44543748,1
6095,139.57538169999998,57.06421701,0.912605379,6250,88.0931043,0.537477954,323.807,0.730484673,2.4459352819999998,1
6525,144.4487392,59.0196392,0.912720115,6709,91.1476167,0.8091517859999999,338.191,0.7169127240000001,2.447469031,1
6392,142.4027871,58.145802,0.912839183,6507,90.21389677,0.514405279,331.417,0.731302515,2.449063942,1
5521,132.39425970000002,54.05568063,0.912850828,5678,83.84244466,0.529135519,311.235,0.7162271040000001,2.449220104,1
3929,112.4289564,45.89775233,0.9128756109999999,4059,70.72876481,0.753114817,261.858,0.72004593,2.4495525540000003,1
5844,135.81565030000002,55.44460968,0.912877177,5971,86.26014085,0.6515050170000001,317.21,0.7298377640000001,2.449573567,1
4758,123.00181059999998,50.20161732,0.912920592,4870,77.83362868,0.735849057,287.72700000000003,0.7222259129999999,2.4501563319999997,1
5085,126.60106529999999,51.66611058,0.91293647,5213,80.46379984,0.541879795,296.2,0.7283342159999999,2.450369573,1
6789,146.72901819999998,59.85390462,0.913017055,6927,92.97323953,0.652036112,340.02,0.7379156929999999,2.451452735,1
4890,123.9603486,50.55859111,0.913044034,5010,78.90590202,0.536184211,289.5,0.7331985320000001,2.451815722,1
4823,123.4962215,50.35078641,0.9131109559999999,4942,78.3634757,0.6440972220000001,288.779,0.7267681890000001,2.452716836,1
5457,131.8083893,53.72745253,0.9131526090000001,5545,83.355073,0.535787923,303.999,0.742026658,2.453278224,1
4738,123.0033869,50.13791447,0.913154285,4844,77.66987166,0.503186066,284.343,0.736410273,2.453300825,1
5825,136.0519648,55.44610788,0.9131890290000001,5949,86.11980229999999,0.549528302,312.38599999999997,0.750106052,2.4537694340000002,1
6073,138.5717146,56.46244162,0.91322302,6361,87.93397384,0.573790627,359.911,0.589145961,2.4542281669999997,1
7281,152.06844009999998,61.93266284,0.9133085409999999,7443,96.2832131,0.7672286620000001,354.483,0.72813192,2.455383527,1
5308,131.152746,53.38772664,0.913399077,5513,82.20921787,0.648107448,307.129,0.7071297790000001,2.456608555,1
5921,136.77645259999997,55.66036397,0.913453085,6085,86.82655898,0.53380815,326.626,0.69743449,2.457340248,1
6275,141.03414030000002,57.38530573,0.913477402,6467,89.38444016,0.630273202,332.61,0.712775871,2.45766993,1
5602,133.6566273,54.36164284,0.913550138,5816,84.45524217,0.557024958,321.778,0.679892535,2.458656883,1
4770,123.43004309999999,50.18648304,0.913606905,4913,77.93171773,0.705099778,288.27299999999997,0.721307267,2.45942803,1
5816,136.57093940000001,55.50969084,0.913671617,6004,86.05324626,0.662640994,321.35400000000004,0.707728756,2.4603080530000003,1
6177,142.08065369999997,57.74622982,0.9136807020000001,6386,88.6837114,0.725,344.13800000000003,0.655423795,2.460431687,1
5349,130.3923317,52.98616379999999,0.913713276,5463,82.52610693,0.761965812,301.307,0.7403959240000001,2.46087511,1
4028,113.3307374,46.05036728,0.9137236959999999,4133,71.61430644,0.551780822,263.151,0.7309527029999999,2.461017015,1
5261,129.8095836,52.73574362,0.913759914,5423,81.84444541,0.591655421,298.992,0.739535505,2.4615104430000003,1
5657,133.9713999,54.38703038,0.913890843,5762,84.86881703,0.6907203909999999,307.377,0.752407832,2.463296836,1
5619,134.6662091,54.66357193,0.9139090609999999,5761,84.58329032,0.5134320179999999,313.296,0.7193813859999999,2.4635457290000002,1
6679,146.5902286,59.47327096,0.9140014059999999,6851,92.2169557,0.587940141,342.99,0.713441538,2.4648085809999998,1
4537,92.22931650000001,64.01276874,0.7199162259999999,4677,76.00452496,0.657536232,273.085,0.764509615,1.440795615,2
2872,74.69188071,51.40045446,0.725552747,3015,60.47101762,0.713008937,208.317,0.831658201,1.453136582,2
3048,76.29316379999999,52.04349114,0.731210927,3132,62.29634124,0.759153176,210.012,0.8684335740000001,1.465950153,2
3073,77.03362772,51.92848667,0.738638695,3157,62.55129991,0.783528812,210.657,0.8702031159999999,1.48345605,2
3693,85.12478457,56.37402054,0.749281579,3802,68.5716679,0.769375,230.332,0.874743279,1.51000024,2
2990,77.41707342,50.9543441,0.752860889,3080,61.70077989,0.584898279,216.93,0.798439143,1.5193419680000002,2
3556,84.32356418,55.41306133,0.753761573,3636,67.28773901,0.7502109709999999,227.007,0.867147782,1.521727227,2
3788,86.95241143,56.44476861,0.760664242,3866,69.44804818,0.80067639,235.476,0.85847279,1.540486631,2
2629,74.13311404,48.07414422,0.761228217,2790,57.8562595,0.640594542,207.325,0.768594199,1.5420579030000001,2
5719,106.7211415,68.97769987,0.763053057,5819,85.33262539,0.754983498,281.839,0.9047483129999999,1.547183245,2
2665,74.36402121,48.05318758,0.763177705,2777,58.25103765,0.596730855,202.456,0.8170446170000001,1.5475356569999998,2
3231,81.30420040000001,52.4511359,0.7640795020000001,3330,64.13919994,0.614960031,218.773,0.848319358,1.5500941780000002,2
2805,77.04768244,49.24267814,0.769107427,2950,59.76150034,0.6032258070000001,209.82299999999998,0.8006386390000001,1.564652561,2
3265,83.37848692,52.76486452,0.77428629,3420,64.47578703,0.575837743,227.85299999999998,0.790284652,1.580189539,2
4301,94.91539197,59.82281961,0.7763717840000001,4427,74.00137351,0.8012295079999999,257.607,0.814449173,1.586608465,2
3393,84.05848002,52.95148583,0.7766468240000001,3477,65.72748113,0.68851461,224.485,0.8460948859999999,1.587462159,2
3475,84.58114773,53.191204799999994,0.7775041690000001,3539,66.5169709,0.652214715,221.295,0.8917055509999999,1.590134084,2
4577,98.35854914,60.7533301,0.7864357540000001,4652,76.33883282,0.591725921,259.184,0.856198377,1.6189820209999999,2
3028,81.27755239,49.16736189,0.796277419,3114,62.09162054,0.753608761,211.667,0.849296679,1.653079386,2
3552,88.02937756,53.17603697,0.796930134,3654,67.24988374,0.623705004,232.122,0.82841931,1.65543321,2
3852,92.20828955,55.27701192,0.800389846,4023,70.03226918,0.6539898129999999,245.517,0.803032283,1.668112772,2
3163,83.82327008,50.02465547,0.8023995429999999,3232,63.46067034,0.584441981,221.38,0.811021355,1.675639128,2
3910,92.58932307,55.11140291,0.8035596979999999,4067,70.5575412,0.6228098120000001,252.523,0.7705214640000001,1.680039305,2
3505,88.0017938,52.27703901,0.8044316979999999,3586,66.80347749,0.59477346,229.044,0.839576062,1.683373724,2
2647,76.78904267,45.52911212,0.805267574,2710,58.05398414,0.59819209,200.58700000000002,0.82671961,1.686592141,2
3606,88.77990424,52.5886165,0.805682077,3658,67.7591455,0.593092105,227.90599999999998,0.872416898,1.688196232,2
4136,95.74362731,56.41101106,0.807995866,4217,72.56802848,0.765925926,247.294,0.84989101,1.6972506880000002,2
3951,94.12263105,55.39145755,0.808494981,4045,70.92650732,0.606912442,247.032,0.81359911,1.6992264730000002,2
3867,92.47994738,54.37937746,0.808851743,3960,70.16849236,0.7812121209999999,240.315,0.841438302,1.700643731,2
3177,84.54078476,49.52659704,0.810433374,3247,63.60095938,0.81712963,219.66299999999998,0.827395697,1.706977459,2
3987,94.17620603,54.94802805,0.812142038,4043,71.2489022,0.594364937,240.915,0.8632337609999999,1.7139142090000001,2
4038,95.24709370000001,55.21937217,0.814795388,4126,71.70314694,0.63610586,244.287,0.8503064359999999,1.7248854880000002,2
3426,88.92210563,51.48838799,0.815307665,3548,66.04633737,0.563208943,232.94,0.7934308459999999,1.7270322319999998,2
3938,94.26939767,54.30216853,0.817427302,4009,70.80972622,0.841452992,238.395,0.870745605,1.736015342,2
3636,91.40038634,52.30281469,0.8200872909999999,3723,68.04042170000001,0.75529705,235.385,0.824662357,1.7475232809999999,2
2965,82.57014058,47.15593922,0.820879385,3068,61.44229203,0.607581967,214.44,0.810257323,1.75100193,2
3335,87.97830505,50.23674047,0.8209411390000001,3459,65.1632863,0.625,229.787,0.793697097,1.751274152,2
3277,87.3845036,49.64746533,0.8229253320000001,3408,64.59416373,0.6301923079999999,227.562,0.7952191340000001,1.760099997,2
3446,89.40212268,50.79059698,0.8229498709999999,3533,66.23883658,0.808350927,229.852,0.8196502259999999,1.760210118,2
3697,91.87618278,52.09462225,0.8237115979999999,3772,68.60879387,0.8498850579999999,231.291,0.868444056,1.763640445,2
2953,82.87781414,46.99201881,0.823715315,3043,61.31783081,0.6922175340000001,214.338,0.807746273,1.763657239,2
3670,92.21294021,51.85164606,0.8269310320000001,3772,68.35780226,0.736947791,235.53400000000002,0.831320927,1.778399476,2
3415,89.49579817,50.31824228,0.826973165,3534,65.94022327,0.6873993559999999,232.838,0.7915764259999999,1.7785954780000002,2
3860,94.63650283,53.13975738,0.827466978,3942,70.10495448,0.815722739,242.845,0.8225055490000001,1.780898286,2
3271,87.41286344,49.06935374,0.8275773940000001,3391,64.53500252,0.671387521,226.793,0.799155176,1.781414606,2
3657,92.43690606,51.86429927,0.827763047,3725,68.23662517,0.6321521179999999,234.047,0.838935683,1.782283909,2
3494,90.07527599,50.52519208,0.8278687440000001,3580,66.69856797,0.725498339,227.93400000000003,0.84511253,1.782779486,2
3899,95.37622831,53.32667827,0.8290872970000001,3977,70.45822156,0.6421278,240.44,0.847519424,1.7885274580000001,2
2522,77.09079003,42.87187941,0.8311007109999999,2579,56.66665803,0.598765432,197.015,0.816500322,1.7981667959999998,2
3812,95.00364795,52.78100382,0.8314709840000001,3903,69.66770518,0.596557121,244.123,0.8037951090000001,1.799959097,2
3210,87.98665592,48.80975228,0.8320234940000001,3351,63.93042264,0.6138841079999999,226.454,0.786601742,1.802645,2
5425,113.5134456,62.96183004,0.8320743759999999,5591,83.11031543,0.560897436,292.569,0.7964398690000001,1.802893047,2
3293,88.11593906,48.84442145,0.8323036779999999,3358,64.75166269,0.576505602,222.373,0.836830469,1.804012341,2
4935,108.61733659999999,60.15695607,0.832621093,5193,79.26813454,0.6018292679999999,290.143,0.7366697329999999,1.8055657019999998,2
3869,96.60035011,53.42470023,0.8331489129999999,4005,70.18663547,0.727255639,248.428,0.787784638,1.808158955,2
3900,95.17012555,52.51306281,0.833989075,3980,70.4672564,0.782818145,236.767,0.8742429290000001,1.812313365,2
4571,103.8253162,57.17941587,0.834685363,4658,76.28878003,0.717582418,261.064,0.842805012,1.815781338,2
3746,93.9988852,51.71568655,0.835050434,3847,69.06196735,0.635345997,239.34,0.8217639090000001,1.817608766,2
4607,105.4041588,57.71611459,0.8367601309999999,4727,76.58860609,0.590641026,268.84,0.801014362,1.826251811,2
3466,91.05330784,49.75342248,0.837510773,3539,66.43077797,0.8495098040000001,228.007,0.83780329,1.830091344,2
4294,101.45421,55.34456288,0.838102538,4375,73.94112932,0.596388889,254.699,0.831797143,1.833137796,2
3992,97.47084902,53.15412282,0.8382191440000001,4057,71.29356396,0.584908425,243.28,0.847593431,1.8337401480000002,2
4404,102.8634748,55.96797915,0.839020612,4535,74.88222055,0.613541376,260.512,0.815458208,1.837898676,2
4399,102.4485604,55.73154196,0.8390882209999999,4496,74.83970041,0.755841924,257.268,0.835203461,1.8382509569999999,2
4042,98.37593738,53.45686204,0.839478002,4144,71.73865234,0.749351131,249.61,0.8152338659999999,1.840286422,2
3733,94.53973823,51.36464535,0.839530377,3802,68.94202797,0.61907131,234.817,0.850763371,1.8405605180000002,2
3871,96.33549432,52.31804963,0.839679822,3964,70.2047739,0.593256705,240.09400000000002,0.8438600390000001,1.84134338,2
4126,99.49226615,53.87480874,0.84070239,4265,72.48024808,0.622886473,253.076,0.80953786,1.846730754,2
3886,97.77562771,52.84771577,0.841344086,4032,70.340663,0.7330692320000001,251.165,0.7740952809999999,1.8501391459999998,2
3931,97.08081574,52.43244079,0.841606851,4003,70.74676424,0.5775786070000001,242.06400000000002,0.843048377,1.851541036,2
3850,96.40313032,52.025080200000005,0.841881949,3942,70.01408606,0.6715506720000001,241.481,0.829668616,1.8530126230000001,2
4676,106.8064769,57.61952234,0.8420010290000001,4814,77.16001627,0.6660968660000001,274.007,0.782638217,1.8536508569999999,2
3764,96.23547918,51.91358009,0.842021957,3864,69.22769422,0.55762963,245.108,0.787307713,1.8537631,2
3668,94.00787826,50.70506339,0.84206865,3764,68.33917361,0.677377655,239.356,0.804545396,1.8540136230000002,2
4425,104.2664186,56.20161967,0.8422933659999999,4560,75.06054213,0.7746848740000001,266.82,0.781063565,1.855220886,2
4483,104.32808759999999,56.11813541,0.843008304,4598,75.55086286,0.58785733,269.116,0.777856643,1.859079722,2
4196,100.7501023,54.05545555,0.843881227,4280,73.09249708,0.820332356,249.882,0.844452833,1.8638285680000002,2
4409,103.6999129,55.28355112,0.846045387,4519,74.92471657,0.600108888,263.42400000000004,0.7984344790000001,1.875782413,2
4702,106.8208342,56.88935479,0.846387239,4779,77.37423563,0.646323024,265.151,0.840438522,1.877694599,2
4893,108.98325030000001,58.02999061,0.846450727,4979,78.93010257,0.625223614,268.932,0.8501589209999999,1.878050455,2
4108,101.3157423,53.87284326,0.846912546,4253,72.32197487,0.589467642,256.915,0.782098362,1.880645909,2
3797,96.14211158,51.05518917,0.84734752,3872,69.53050087,0.7115817090000001,237.412,0.8465354079999999,1.8831016619999998,2
3663,94.00143053,49.88557273,0.8475663090000001,3738,68.29257978,0.7537037040000001,230.804,0.864092271,1.8843410109999998,2
3502,93.5356072,49.58314468,0.847935673,3653,66.77488215,0.645054338,240.546,0.760553426,1.8864395919999999,2
3866,98.21982690000002,52.02727997,0.848183557,4003,70.15941904,0.774439103,247.889,0.790600715,1.88785243,2
4181,101.1105249,53.53444948,0.848331996,4281,72.96173337,0.6422427039999999,251.05,0.833622792,1.88870019,2
3730,95.97894614,50.81390793,0.848355093,3787,68.91432001,0.568597561,236.813,0.8358101029999999,1.8888322119999998,2
3810,97.32531129,51.31237346,0.8497254890000001,3917,69.64942689,0.575181159,243.983,0.8042956240000001,1.896722072,2
4623,106.8561506,56.29384365,0.8499775340000001,4720,76.72148601,0.7891771940000001,264.644,0.829487132,1.898185373,2
4472,106.2162594,55.86103791,0.850535305,4642,75.45811583,0.775312067,274.486,0.74588395,1.901437269,2
3951,100.0223281,52.47633057,0.8513203890000001,4085,70.92650732,0.5637842470000001,253.792,0.770834311,1.906046537,2
4621,107.515859,56.39083506,0.851417512,4798,76.70488861,0.658262108,277.531,0.753915777,1.90661938,2
4709,107.830578,56.55003031,0.851451051,4801,77.43180881,0.824404762,265.248,0.841074214,1.906817334,2
4581,106.5972033,55.87488082,0.851614663,4685,76.37218312,0.565625386,266.221,0.812242173,1.907783994,2
3243,91.13033539,47.69255121,0.852121255,3431,64.2581967,0.66509434,234.30200000000002,0.742343348,1.9107875980000002,2
4357,104.16880359999999,54.50369237,0.852194755,4432,74.48157286,0.53796765,260.732,0.805394671,1.911224709,2
4566,107.33230149999999,56.11190573,0.8524634940000001,4735,76.24704428,0.553790176,272.888,0.770507543,1.91282581,2
3554,94.59943367,49.34837868,0.85315581,3659,67.26881404,0.81308625,235.80700000000002,0.803181878,1.916971463,2
4686,108.04116859999999,56.32774126,0.8533402390000001,4795,77.24247864,0.566147155,271.738,0.797464573,1.918080969,2
3972,99.93602686,52.0746236,0.853508093,4153,71.11474862,0.6110769229999999,253.449,0.777030274,1.91909264,2
4019,99.88402006,51.99738757,0.853814335,4107,71.53425564,0.829514964,252.331,0.7932072090000001,1.9209430459999999,2
4754,109.0975949,56.64723153,0.854631832,4863,77.80090485,0.66694725,271.228,0.8120822129999999,1.92591221,2
4608,107.26641780000001,55.61545032,0.855089993,4698,76.59691784,0.745631068,264.95099999999996,0.824880825,1.9287161609999999,2
3878,98.86216016,51.20220775,0.8554320120000001,3952,70.26822151,0.824404762,244.49,0.815258748,1.930818309,2
4404,105.5612967,54.66500185,0.855470952,4534,74.88222055,0.594331984,268.492,0.7677051859999999,1.931058138,2
3609,95.46121147,49.31615584,0.856221212,3684,67.78732564,0.699147617,235.956,0.8145817870000001,1.9356985519999999,2
4493,106.1024587,54.73130459,0.85668828,4635,75.63507966,0.6712983709999999,265.16700000000003,0.8029848140000001,1.938606424,2
4626,108.1493814,55.77865010000001,0.856735754,4781,76.74637538,0.589449541,272.76099999999997,0.781359586,1.93890281,2
4355,104.8104398,53.84724626,0.8579348940000001,4432,74.46447621,0.577279958,257.1,0.827930478,1.9464401080000002,2
3448,93.76361246,48.16081418,0.858005337,3554,66.25805574,0.563398693,236.521,0.7745290440000001,1.94688595,2
4459,106.3932719,54.55141565,0.8585477020000001,4566,75.34835851,0.5903614460000001,263.639,0.806172585,1.9503301730000002,2
4105,101.8422762,52.14737228,0.858961293,4241,72.29556232,0.838439543,254.662,0.7954167540000001,1.9529704319999999,2
3992,101.5810398,51.87325399,0.859783443,4141,71.29356396,0.7914353690000001,257.06,0.759156632,1.958254629,2
4083,101.986251,52.07642841,0.8598052829999999,4204,72.10157461,0.5521298170000001,253.493,0.7984676059999999,1.958395654,2
5037,113.664381,57.90922261,0.860485135,5176,80.08312923,0.724227175,284.38599999999997,0.782646035,1.962802744,2
3536,95.69548849,48.62133126,0.861307617,3621,67.09824908,0.715789474,237.56799999999998,0.787310851,1.96817911,2
5011,113.87144909999999,57.72255233,0.86199911,5179,79.87617516,0.556221556,283.97700000000003,0.7808505720000001,1.972737596,2
3829,99.79394795,50.57754473,0.862052047,4031,69.82287746,0.7235449740000001,254.977,0.740104792,1.973088027,2
4388,106.4473886,53.8901512,0.862380367,4470,74.74607095,0.5753999479999999,263.29900000000004,0.795386222,1.9752660969999998,2
4684,110.44643980000001,55.87473489999999,0.8625927659999999,4791,77.22599321,0.5684466020000001,274.318,0.78220059,1.976679441,2
4319,105.33735859999999,53.28323892,0.86263072,4394,74.15606242,0.7951030929999999,256.647,0.823987615,1.976932348,2
5784,122.1912997,61.75362721,0.862894078,5917,85.81618453,0.7523413109999999,301.985,0.797016671,1.978690245,2
4126,103.5232905,52.31378371,0.862924147,4258,72.48024808,0.742754275,255.796,0.7924129959999999,1.978891282,2
3803,99.47215247,50.26503783,0.862933391,3911,69.58541506,0.542742971,246.555,0.786155688,1.9789531009999999,2
3982,100.5093206,50.6631383,0.863666257,4058,71.20421243,0.606919677,243.84900000000002,0.841529145,1.983874746,2
4408,106.9605737,53.91266267,0.863678918,4499,74.91621929,0.808214155,264.28,0.793090693,1.9839601390000001,2
3495,96.35268965,48.55849663,0.863723389,3656,66.70811202,0.7139938709999999,240.60299999999998,0.7586735929999999,1.9842601469999999,2
4371,106.0365044,53.38323965,0.864028969,4460,74.60113974,0.6237157529999999,256.509,0.834805795,1.9863257669999999,2
4039,102.29535229999999,51.4952914,0.86405457,4137,71.71202494,0.553591009,251.80700000000002,0.8004756390000001,1.9864991440000002,2
5472,118.82258770000001,59.81104559,0.864074307,5649,83.46955606,0.606921029,295.612,0.786886027,1.986632846,2
2985,89.54280748,44.87519946,0.8653551190000001,3078,61.64916902,0.80762987,225.237,0.7393919720000001,1.9953740269999998,2
4733,110.53687679999999,55.38850592,0.865397365,4819,77.62887842,0.606794872,266.682,0.8362939629999999,1.995664532,2
3772,99.60332963,49.89166435,0.865503093,3896,69.30122339,0.64379587,250.09799999999998,0.7578113590000001,1.9963922019999998,2
3661,97.69259544,48.90235887,0.8656938359999999,3732,68.27393334,0.596448355,238.547,0.80846584,1.997707221,2
4837,112.173828,56.14063497,0.8657487290000001,4938,78.47712837,0.7882985659999999,275.362,0.8016373370000001,1.9980862000000001,2
3141,90.76577027,45.3742466,0.866080346,3194,63.23958736,0.543896104,223.11700000000002,0.792889153,2.0003807680000003,2
4194,104.6666913,52.30336252,0.86619073,4285,73.07507544,0.547805643,256.711,0.799740948,2.001146508,2
4199,103.95798190000001,51.93962023,0.866243946,4292,73.11862176,0.714115646,254.771,0.812934875,2.001516019,2
3957,102.320702,51.07711152,0.866494578,4109,70.98034149,0.6036613270000001,253.06799999999998,0.7764284640000001,2.003259365,2
4994,114.26511670000001,56.98886817,0.866750215,5144,79.74056864,0.709879176,285.254,0.7712495359999999,2.005042746,2
3937,102.47490069999999,51.07067636,0.866962983,4133,70.80073508,0.662794613,256.524,0.751829344,2.006531105,2
4245,105.6187899,52.60182365,0.8671570940000001,4365,73.5180377,0.562698834,260.959,0.7833268259999999,2.007892171,2
5273,117.2504881,58.37701343,0.867244265,5367,81.93773318,0.570670996,286.77299999999997,0.805732935,2.008504397,2
3641,98.21898138,48.83939057,0.867607294,3726,68.08718809,0.554945892,241.542,0.7842332059999999,2.011060749,2
4715,110.6894983,55.03698356,0.867624752,4832,77.48112321,0.79430593,269.449,0.816090663,2.011183955,2
4896,113.0982598,56.19223391,0.867839657,5066,78.95429571,0.599265606,289.962,0.7317607309999999,2.01270268,2
4236,105.6451601,52.48729068,0.867850021,4326,73.44006203,0.535051156,260.888,0.782091577,2.0127760219999997,2
4535,109.73560659999998,54.49081793,0.867999767,4698,75.98777096,0.664468865,274.329,0.7572577290000001,2.0138366569999997,2
4976,114.1212737,56.644202899999996,0.868121957,5093,79.59673344,0.680339076,277.133,0.814167476,2.0147034980000003,2
4234,105.64009509999998,52.432336600000006,0.868134,4329,73.42272286,0.677006716,259.741,0.788641635,2.014789001,2
4296,106.25667,52.68167884,0.868438765,4390,73.95834695,0.8506930690000001,259.409,0.80223953,2.016956794,2
4649,110.70222179999999,54.83454494,0.868702764,4768,76.9369264,0.576942169,273.621,0.7803160840000001,2.018840896,2
3791,99.93450497,49.44130516,0.869042704,3886,69.47554328,0.643851902,243.201,0.8054395209999999,2.021275625,2
4955,114.94223259999998,56.80713383,0.8693349709999999,5185,79.42859651,0.5925615879999999,290.01099999999997,0.7403286920000001,2.023376728,2
4996,115.75431470000001,57.07943418,0.869967831,5170,79.75653431,0.592223803,289.043,0.7514626179999999,2.027951335,2
5166,116.4812077,57.40544291,0.8701255729999999,5285,81.10212998,0.6237623760000001,286.844,0.7889922290000001,2.029096926,2
4889,113.4990733,55.91833049,0.8702125190000001,4971,78.89783352,0.870238519,274.262,0.81676783,2.0297292909999998,2
4379,107.2441145,52.81908582,0.870305271,4495,74.6693777,0.643970588,263.678,0.791474665,2.030404595,2
6374,129.5767591,63.76230696,0.870549219,6476,90.08678515,0.6622337660000001,314.656,0.809002546,2.032184299,2
4881,113.8160966,55.96674868,0.87074793,4965,78.83325579,0.852725367,275.478,0.8082483540000001,2.033637817,2
4840,113.0192872,55.41384666,0.8715512940000001,4962,78.50146111,0.68945869,274.39599999999996,0.8077922340000001,2.039549572,2
4324,107.4234632,52.61238315,0.8718538020000001,4399,74.19897433,0.542670683,261.978,0.791709588,2.0417904819999997,2
4098,104.3378697,51.01698501,0.872306528,4223,72.23389547,0.6271809,252.83700000000002,0.805564948,2.045159464,2
4398,108.08429450000001,52.78024542,0.872661936,4496,74.83119348,0.597554348,261.29,0.809504955,2.047817202,2
4438,108.3345087,52.88819805,0.8727354420000001,4524,75.1707197,0.563770325,261.474,0.815718178,2.048368308,2
4342,107.9361607,52.65198942,0.8729516359999999,4461,74.35325214,0.5573812579999999,266.48400000000004,0.7683470109999999,2.0499920680000003,2
4076,104.17444379999999,50.8078401,0.873000757,4182,72.03974170000001,0.617575758,255.91400000000002,0.7820885890000001,2.050361589,2
3673,99.21752118,48.33770705,0.873296434,3760,68.38573570000001,0.7970920140000001,241.24,0.793107675,2.05259056,2
5086,117.3431374,57.06786443,0.873773432,5276,80.47171133,0.5927738929999999,299.803,0.711073136,2.056203409,2
4582,110.2029953,53.56818644,0.873910711,4674,76.38051842,0.633222775,269.51,0.79271154,2.057247083,2
4444,109.33202560000001,53.09012652,0.874188772,4539,75.22151645,0.741655541,265.36400000000003,0.793048786,2.059366454,2
4515,109.80557009999998,53.23867944,0.8746001059999999,4629,75.82002733,0.577291906,266.923,0.79633467,2.062514909,2
3320,104.95798459999999,50.87502689,0.8746704740000001,4375,65.01657703,0.409927152,488.837,0.174590178,2.0630551180000003,2
3821,100.5480488,48.73552413,0.874681096,3898,69.74989821,0.820661512,240.926,0.82721721,2.063136708,2
4117,105.54053619999999,51.14681966,0.874726022,4264,72.40115473,0.7841904759999999,262.743,0.749425424,2.063481892,2
4080,104.272109,50.51191604,0.874833328,4159,72.07508129,0.7569573279999999,250.412,0.8176355259999999,2.064307142,2
5358,119.2490531,57.70866139,0.875104544,5447,82.59550521,0.600134409,287.087,0.816931269,2.066397837,2
4429,109.3909238,52.90751618,0.8752584809999999,4600,75.09446014,0.691491023,276.786,0.7264860940000001,2.067587589,2
4814,113.58682340000001,54.92957964,0.8752940220000001,4913,78.29032615,0.803002502,275.818,0.7951896890000001,2.0678626,2
4575,111.23191299999999,53.76839227,0.875405122,4671,76.3221522,0.545747346,270.638,0.784916415,2.068723061,2
4173,105.91278329999999,51.19004627,0.8754423020000001,4293,72.89189681,0.735849057,257.666,0.7898489000000001,2.069011284,2
4837,114.7953243,55.47569683,0.875478285,4963,78.47712837,0.589303119,282.031,0.764173999,2.069290354,2
5056,116.3895145,56.20142521,0.875690057,5197,80.23402731,0.7264367820000001,283.873,0.788440191,2.070935285,2
4771,114.015075,55.04964734,0.8757153190000001,4887,77.93988625,0.579075131,279.955,0.764967217,2.071131797,2
4158,107.01476909999998,51.66774487,0.8757254179999999,4314,72.76077258,0.6875,265.778,0.739701145,2.071210372,2
3832,101.9698018,49.22548543,0.875760566,3908,69.85022502,0.782040816,247.69,0.78490739,2.071483926,2
6946,136.30360280000002,65.73847541,0.876009151,7115,94.04212821,0.594437313,338.782,0.760508352,2.073422024,2
4188,106.5811347,51.36513446,0.8762072009999999,4302,73.02278558,0.587542088,261.405,0.770173828,2.0749704209999997,2
5672,123.0789249,59.31319017,0.876219713,5786,84.98126086,0.655116655,296.222,0.812290673,2.075068371,2
4952,115.71487579999999,55.6734017,0.876651614,5051,79.40454789,0.661148198,279.019,0.799324168,2.078458874,2
4213,107.18039669999999,51.56715505,0.876652071,4339,73.24041372,0.636020531,264.24,0.758235653,2.078462475,2
3467,97.97380616,47.13315533,0.876677165,3598,66.44036049,0.614716312,240.017,0.756274922,2.0786600319999997,2
3860,102.1971523,49.12511552,0.87689078,3948,70.10495448,0.614747571,245.889,0.802267072,2.080344263,2
5077,117.42650990000001,56.392017700000004,0.8771412759999999,5196,80.40047990000001,0.54241453,288.61,0.7659391659999999,2.08232503,2
3744,100.4167531,48.12622906,0.877670279,3846,69.0435287,0.72,242.167,0.802261185,2.0865285940000002,2
4374,109.07807279999999,52.25358497,0.877788945,4502,74.62673629,0.736859838,268.59,0.761919282,2.087475392,2
4562,111.7569232,53.44922494,0.878216546,4695,76.21363922,0.546216475,278.618,0.7384937159999999,2.090898855,2
4375,109.2448278,52.17637903,0.8785721740000001,4455,74.63526652,0.546601699,261.724,0.8026030820000001,2.093760238,2
4298,108.0691562,51.53272243,0.87898496,4386,73.97556058,0.5989409139999999,259.272,0.803461442,2.097097749,2
3206,93.52974726,44.55523434,0.879242202,3283,63.89057818,0.592387288,226.049,0.788439188,2.099186519,2
4515,110.9722142,52.84775827,0.879323385,4690,75.82002733,0.5940789470000001,271.783,0.768109333,2.0998471430000003,2
3503,98.37247663,46.83791704,0.8793758420000001,3592,66.78441529,0.5146929179999999,240.295,0.7623607579999999,2.100274369,2
4819,114.64025840000001,54.57328405,0.879423933,4919,78.33097322,0.565079737,276.798,0.790389013,2.1006662940000003,2
5206,119.61877779999999,56.90043992,0.879617592,5316,81.41550878,0.83030303,287.436,0.791829553,2.102246978,2
4139,106.91620590000001,50.79355129,0.879943617,4290,72.59434190000002,0.614003857,263.0,0.751958363,2.1049169269999997,2
4108,106.33015890000001,50.51491056,0.879944748,4244,72.32197487,0.616446579,261.70099999999996,0.753753835,2.104926204,2
4107,106.2923105,50.49647509,0.879947057,4184,72.31317176,0.5365821789999999,256.199,0.786284485,2.104945153,2
5786,125.5554308,59.62625047,0.880039868,5945,85.83102007,0.623491379,307.30400000000003,0.769931108,2.105707298,2
5116,118.23618909999998,56.14671184,0.880056444,5248,80.70869539,0.588045977,288.913,0.77020482,2.105843517,2
5276,120.7283328,57.29556014,0.8802109990000001,5434,81.96103854,0.577875137,292.865,0.773000377,2.107114975,2
4275,108.6018895,51.52527338,0.880286885,4388,73.77736139,0.768332135,263.752,0.772243853,2.1077401890000003,2
3716,100.698893,47.73887538,0.880484211,3786,68.7848686,0.635430917,239.364,0.8150193170000001,2.109368773,2
5197,119.00358190000001,56.38621395,0.8806220029999999,5393,81.34510381,0.753516022,289.902,0.777070027,2.1105084659999997,2
4043,106.5010619,50.38129497,0.881030704,4174,71.74752595,0.548426479,262.44599999999997,0.7376217079999999,2.113900842,2
3709,100.73572270000001,47.64940038,0.881054947,3788,68.72005145,0.772708333,240.52900000000002,0.805622906,2.11410263,2
5278,120.03797920000001,56.65960303,0.8815910690000001,5388,81.97657176,0.792016807,289.009,0.7940658429999999,2.118581367,2
4506,111.00792129999999,52.32413559,0.8819435870000001,4599,75.7444215,0.581869835,264.923,0.8067922590000001,2.121543339,2
4148,106.9693936,50.40674957,0.8820125529999999,4232,72.673225,0.813333333,255.109,0.8009345920000001,2.122124407,2
5896,127.01399509999999,59.84329211,0.882050377,6092,86.64306294,0.610351967,309.264,0.774655487,2.1224433119999997,2
4203,107.29929640000002,50.52718252,0.882186875,4281,73.15344016,0.668947955,255.102,0.811599045,2.123595479,2
3910,104.3388145,49.10437226,0.8823337529999999,4075,70.5575412,0.6109375,259.808,0.72791653,2.1248375580000003,2
4846,116.40642790000001,54.73755333,0.8825450109999999,5006,78.55010397,0.628942245,289.067,0.72877966,2.126628263,2
3302,96.29743756,45.24113928,0.882769548,3423,64.84008773,0.537609899,233.736,0.759513885,2.128536971,2
4449,111.2556534,52.19604698,0.8831163129999999,4558,75.26382089,0.709569378,269.177,0.77160738,2.131495771,2
4347,109.3557051,51.28416875,0.883215923,4420,74.3960503,0.570247934,260.209,0.806779542,2.1323482030000003,2
4381,110.49489240000001,51.78753009,0.883364255,4477,74.68642745,0.7380390840000001,267.193,0.771139527,2.133619661,2
4170,107.62724650000001,50.44282234,0.883367603,4280,72.86569084,0.626502404,260.35400000000004,0.77306749,2.133648387,2
6082,129.098407,60.41631466,0.883735602,6204,87.99910744,0.661374511,308.106,0.805111386,2.136813669,2
5361,122.0585037,56.94218191,0.884513032,5510,82.61862501,0.6092045460000001,293.758,0.780685775,2.143551574,2
4506,111.70587749999999,51.9735486,0.885168084,4593,75.7444215,0.772633745,263.959,0.812695963,2.149283251,2
5623,125.2441841,58.1835187,0.885541309,5786,84.61339114,0.5659219,303.047,0.769410253,2.1525715,2
4390,110.6219338,51.36922513,0.885642633,4557,74.76310321,0.7395552559999999,276.911,0.7194389859999999,2.153467052,2
4542,113.02689240000001,52.40467224,0.8860195820000001,4719,76.04639381,0.609255533,283.19599999999997,0.7116767270000001,2.156809452,2
5642,125.86706229999999,58.21205006,0.886625358,5759,84.75622403,0.639972777,301.902,0.7778770629999999,2.162216624,2
4466,111.7161753,51.64579845,0.8867263320000001,4551,75.40747845,0.5768535260000001,264.342,0.8031492159999999,2.163122241,2
4707,115.89661170000001,53.48524695,0.8871448740000001,4834,77.4153637,0.833097345,281.35,0.747240192,2.166889345,2
4925,118.28476459999999,54.53488492,0.887375502,5035,79.18778162,0.877896613,280.448,0.78688525,2.168974314,2
2656,86.56781638,39.90651744,0.8874076120000001,2721,58.15259436,0.695652174,207.697,0.773708713,2.169265121,2
3215,96.03513343,44.11935531,0.888225108,3294,63.98019331,0.843168109,230.72799999999998,0.758909935,2.176712075,2
5188,121.00721609999998,55.57226815,0.8883083270000001,5350,81.27463785,0.561471862,295.728,0.74546102,2.177474846,2
5366,123.1519679,56.479028299999996,0.888636372,5587,82.65714365,0.628263669,299.08299999999997,0.7538363509999999,2.1804902040000003,2
3735,102.3709892,46.94326548,0.888663325,3821,68.96049376,0.654803647,242.407,0.7987486859999999,2.18073856,2
6063,131.29157790000002,60.17811905,0.888769328,6203,87.86154654,0.789453125,313.372,0.77584873,2.181716211,2
5443,123.66550120000001,56.66273543,0.8888524440000001,5545,83.24808011,0.6749751979999999,291.54,0.8047331640000001,2.182483784,2
4118,107.81827859999999,49.341171200000005,0.889141328,4217,72.40994714,0.693733154,255.68900000000002,0.791538634,2.185158479,2
4886,117.4406074,53.63079347,0.889639703,4985,78.87362307,0.578498698,281.305,0.7759047729999999,2.189798059,2
5083,120.0834497,54.82157996,0.889708521,5179,80.44797453,0.534827441,286.377,0.778849783,2.190441243,2
4432,112.36704979999999,51.29491408,0.889726353,4550,75.11988859,0.601193706,270.823,0.759343932,2.1906080130000003,2
5020,119.8737416,54.71854525,0.889739752,5104,79.94787373,0.528421053,285.79900000000004,0.772310913,2.190733345,2
4035,107.31172820000002,48.93080224,0.8899957490000001,4150,71.67650635,0.58469787,258.503,0.7587910990000001,2.193132409,2
3379,99.01478925,44.63155114,0.892646995,3491,65.5917405,0.653578337,237.593,0.752195573,2.218493122,2
